,title,director
0,3%,
24,​SAINT SEIYA: Knights of the Zodiac,
26,(Un)Well,
27,#Alive,Cho Il
29,#blackAF,
30,#cats_the_mewvie,Michael Margolis
32,#FriendButMarried 2,Rako Prijanto
43,Òlòtūré,Kenneth Gyang
53,100 Humans,
57,100% Halal,Jastis Arimba
63,13 Reasons Why,
73,18 Presents,Francesco Amato
106,365 Days,"Barbara Białowąs, Tomasz Mandes"
107,37 Seconds,Hikari
141,7SEEDS,
147,A Babysitter's Guide to Monster Hunting,Rachel Talalay
154,A California Christmas,Shaun Paul Piccinino
157,A Choo,"Kevin Ko, Peter Tsi"
168,A Fall from Grace,Tyler Perry
177,A Go! Go! Cory Carson Christmas,"Stanley Moore, Alex Woo"
178,A Go! Go! Cory Carson Halloween,"Alex Woo, Stanley Moore"
179,A Go! Go! Cory Carson Summer Camp,"Stanley Moore, Alex Woo"
194,A Life of Speed: The Juan Manuel Fangio Story,Francisco Macri
199,A Love So Beautiful,
200,A Love Song for Latasha,Sophia Nahli Allison
209,A New York Christmas Wedding,Otoja Abit
213,A Perfect Crime,
218,A Queen Is Born,Carla Barros
223,A Secret Love,Chris Bolan
227,A Shaun the Sheep Movie: Farmageddon,"Richard Phelan, Will Becher"
242,A Trash Truck Christmas,Eddie Rosas
244,A truthful Mother,Ravishankar Venkateswaran
253,A Whisker Away,"Junichi Sato, Tomotaka Shibayama"
289,Absurd Planet,
304,Adú,Salvador Calvo
320,Afonso Padilha: Classless,"Junior Carelli, Rudge Campos"
324,After Life,
329,After We Collided,Roger Kumble
341,Aggretsuko,
351,Ainu Mosir,Takeshi Fukunaga
352,Airplane Mode,César Rodrigues
357,AJ and the Queen,
362,AK vs AK,Vikramaditya Motwane
368,Ala Vaikunthapurramuloo,Trivikram Srinivas
378,Alex Fernández: The Best Comedian in the World,Alex Díaz
380,Alexa & Katie,
393,Alice in Borderland,
396,Alien TV,
398,Alien Worlds,
399,Alien Xmas,Stephen Chiodo
406,All Because of You,Adrian Teh
407,All Day and a Night,Joe Robert Cole
409,All For Love,
418,All The Bright Places,Brett Haley
420,All the Freckles in the World,Yibrán Asuad
422,All Together Now,Brett Haley
426,Almost Happy,Hernán Guerschuny
427,Almost Love,Mike Doyle
437,Altered Carbon,
438,Altered Carbon: Resleeved,"Takeru Nakajima, Yoshiyuki Okada"
470,American Murder: The Family Next Door,Jenny Popplewell
472,American Pie 9: Girls' Rules,Mike Elliott
497,An Unremarkable Christmas,Juan Camilo Pinzon
509,Andhaghaaram,V Vignarajan
510,Andhakaaram,V Vignarajan
511,André & his olive tree,Josiah Ng
512,Anelka: Misunderstood,Franck Nataf
520,Angela's Christmas Wish,Damien O’Connor
525,Angu Vaikuntapurathu (Malayalam),Trivikram Srinivas
528,Animal Crackers,"Tony Bancroft, Scott Christian Sava"
531,Anitta: Made In Honório,"Andrucha Waddington, Pedro Waddington"
570,Archibald's Next Big Thing,
575,Ares,
577,Ari Eldjárn: Pardon My Icelandic,August Jakobsson
579,"Ariana grande: excuse me, i love you",Paul Dugdale
601,Asphalt Burning,Hallvard Bræin
605,Asura Guru,A. Raajdheep
611,Athlete A,"Bonni Cohen, Jon Shenk"
621,Aunty Donna's Big Ol' House of Fun,
631,Ava,Tate Taylor
640,Away,
643,Axone,Nicholas Kharkongor
667,Babies,
668,Baby,
672,Babylon Berlin,
686,Bad Boy Billionaires: India,
703,BAKI,
704,Bakugan: Armored Alliance,
714,Banana Split,Ben Kasulke
731,Barbarians,
736,Barbie Dreamhouse Adventures: Go Team Roberts,
741,Barbie Princess Adventure,Conrad Helten
799,Becoming,Nadia Hallgren
830,Ben Platt Live from Radio City Music Hall,"Alex Timbers, Sam Wrench"
841,"Berlin, Berlin: Lolle on the Run",Franziska Meyer Price
846,Bert Kreischer: Hey Big Boy,Jeff Tomsic
849,Best Leftovers Ever!,
852,Best of Stand-Up 2020,
853,"Best Wishes, Warmest Regards: A Schitt's Creek Farewell",Amy Segal
856,Betaal,
877,Beyond the Boundary: ICC Women's T20 World Cup Australia 2020,Anna Stone
880,Bhaag Beanie Bhaag,
890,Bheeshma,Venky Kudumula
906,Big Mouth,
910,Bigflo & Oli: Hip Hop Frenzy,"Bigflo & Oli, Jérémie Levypon"
931,Biohackers,
968,BLACKPINK: Light Up the Sky,Caroline Suh
985,Blood & Water,
988,Blood of Zeus,
992,Bloodride,
1006,BNA,
1015,Bobbleheads The Movie,Kirk Wise
1025,BoJack Horseman,
1044,Bookmarks,
1078,Brave Blue World: Racing to Solve Our Water Crisis,Tim Neeves
1083,Bread Barbershop,
1085,BREAK IT ALL: The History of Rock in Latin America,Picky Talarico
1095,Brews Brothers,
1100,Bridgerton,
1125,Buddi,
1132,Bulbbul,Anvita Dutt
1135,Bulletproof 2,Don Michael Paul
1139,Bunk'd,
1164,Cadaver,Jarand Herdal
1165,Cagaster of an Insect Cage,
1174,Calico Critters Mini Episodes Clover,
1178,Caliphate,
1181,Call the Midwife,Philippa Lowthorpe
1192,Can You Hear Me?,
1203,Canvas,Frank E. Abney III
1206,Captain Underpants Epic Choice-o-Rama,
1207,Captain Underpants Mega Blissmas,"Erik Kling, Kevin Peaty"
1209,Car Masters: Rust to Riches,
1217,Cargo,Arati Kadav
1221,Carmel: Who Killed Maria Marta?,Alejandro Hartmann
1223,Carmen Sandiego: To Steal or Not to Steal,Jos Humphrey
1240,Castlevania,
1264,Challenger,
1266,Chaman Bahaar,Apurva Dhar Badgaiyann
1297,Check The Store Next Door: The Next Chapter,
1298,Cheer,
1305,Chef's Table: BBQ,
1327,Chico Bon Bon and the Very Berry Holiday,Darragh O'Connell
1328,Chico Bon Bon: Monkey with a Tool Belt,
1332,Children of Adam,
1338,Chilling Adventures of Sabrina,
1342,Chippa,Safdar Rahman
1348,Choked: Paisa Bolta Hai,Anurag Kashyap
1354,Chris D'Elia: No Pain,Matt D'Elia
1363,Christmas Crossfire,Detlev Buck
1395,Circus of Books,Rachel Mason
1397,Citation,Kunle Afolayan
1410,Class of '83,Atul Sabharwal
1413,Cleo & Cuquin,Fernando Moro
1444,Cocomelon,
1450,Coffee & Kareem,Michael Dowse
1483,Connected,
1490,Control Z,
1495,Cooked with Cannabis,
1501,Cops and Robbers,"Arnon Manor, Timothy Ware-Hill"
1503,"Coronavirus, Explained",
1508,Country Ever After,
1520,Crazy Awesome Teachers,Sammaria Sari Simanjuntak
1522,Crazy Delicious,
1541,Criminal: UK,
1542,Crip Camp: A Disability Revolution,
1554,Curon,
1555,Cursed,
1559,Cuties,Maïmouna Doucouré
1569,Da 5 Bloods,Spike Lee
1576,Dad Wanted,Javier Colinas
1589,Dance Dreams: Hot Chocolate Nutcracker,Oliver Bokelberg
1598,Dangerous Lies,Michael M. Scott
1610,Dark,
1613,Dark Desire,
1614,Dark Forces,Bernardo Arellano
1624,DASH & LILY,
1625,Dating Around,
1626,Dating Around: Brazil,Cassia Dian
1632,Dave Chappelle: The Kennedy Center Mark Twain Prize for American Humor,
1633,David Attenborough: A Life on Our Planet,"Alastair Fothergill, Jonnie Hughes, Keith Scholey"
1634,David Batra: Elefanten i rummet,"David Batra, Jon Rudberg"
1647,DC's Legends of Tomorrow,Rob Seidenglanz
1653,Dead to Me,
1658,Deadwind,
1659,Deaf U,
1670,Death Can Wait,Fernando Ayllón
1673,Death of Me,Darren Lynn Bousman
1675,Death to 2020,"Al Campbell, Alice Mathias"
1695,DeMarcus Family Rules,
1716,Desperados,LP
1720,Detention,"Su I-Hsuan, Chuang Shiang-an, Liu Yi"
1742,Diablero,
1750,Dick Johnson Is Dead,Kirsten Johnson
1767,Dino Girl Gauko,
1773,Dirty Money,
1776,Disclosure,
1788,DNA,Maïwenn
1789,Do Do Sol Sol La La Sol,
1800,Dolly Kitty Aur Woh Chamakte Sitare,Alankrita Shrivastava
1803,Dolly Parton’s Christmas on the Square,Debbie Allen
1821,Don’t Listen,Ángel Gómez Hernández
1827,Door Ke Darshan,Gagan Puri
1830,Dorohedoro,
1832,Double Dad,Cris D'Amato
1834,Double World,Teddy Chan
1839,Down to Earth with Zac Efron,
1844,Dracula,
1848,Dragon's Dogma,
1853,Dragonheart: Vengeance,Ivan Silvestrini
1857,Dragons: Rescue Riders,
1858,Dragons: Rescue Riders: Hunt for the Golden Dragon,"TJ Sullivan, Greg Rankin"
1859,Dragons: Rescue Riders: Huttsgalor Holiday,"Greg Rankin, TJ Sullivan"
1860,Dragons: Rescue Riders: Secrets of the Songwing,"Greg Rankin, TJ Sullivan"
1875,DRIFTING DRAGONS,
1903,Earth and Blood,Julien Leclercq
1955,El Dragón: Return of a Warrior,
1958,El límite infinito,Pablo Aulita
1974,Elf Pets: A Fox Cub’s Christmas Tale,Chanda Bell
1975,Elf Pets: Santa’s Reindeer Rescue,Chanda Bell
1978,Elite,
1989,Emicida: AmarElo - It’s All For Yesterday,
1990,Emily in Paris,
1991,Emily's Wonder Lab,
2009,Enola Holmes,Harry Bradbeer
2019,Equinox,
2021,Eric Andre: Legalize Everything,Eric Notarnicola
2027,Especial 20 años Fútbol de Primera,
2032,Ethos,
2036,Eurovision Song Contest: The Story of Fire Saga,David Dobkin
2071,Extraction,Sam Hargrave
2072,Extracurricular,
2083,F is for Family,
2087,Fabulous Lives of Bollywood Wives,
2105,Family Business,
2106,Family Reunion,
2117,Fary : Hexagone,"Adrien Lagier, Ousmane Ly"
2120,Fast & Furious Spy Racers,
2122,Fat Ballerina - David A. Arnold,Milton Horowitz
2123,Fatal Affair,Peter Sullivan
2132,Father Soldier Son,"Leslye Davis, Catrin Einhorn"
2134,Fauda,
2136,Fear City: New York vs The Mafia,
2138,Fearless,Cory Edwards
2139,Feel Good,Ally Pankiw
2141,Feel the Beat,Elissa Down
2142,Felipe Esparza: Bad Decisions,
2145,Felix Lobrecht: Hype,Jan-Peter Horns
2153,Fierce,Anna Wieczur-Bluszcz
2168,Find Yourself,
2169,Finding Agnes,Marla M. Ancheta
2203,Flavorful Origins,
2209,Floor Is Lava,
2215,Followers,
2236,Forensic,"Akhil Paul, Anas Khan"
2246,Formula 1: Drive to Survive,
2247,Fortune Feimster: Sweet & Salty,Krysia Plonka
2261,Frank Elstner: Just One Last Question,
2267,Freaks – You're One of Us,Felix Binder
2284,Freud,
2306,Fukrey Boyzzz,
2307,Fukrey Boyzzz: Space Mein Fukrapanti,Avinash Walzade
2310,Full Out 2: You Got This!,Jeff Deverett
2311,Fuller House,
2317,Funny Boy,Deepa Mehta
2320,Futmalls.com,Lai Chun-yu
2340,GAME ON: A Comedy Crossover Event,
2347,Gameboys Level-Up Edition,Ivan Andrew Payawal
2375,Gentefied,
2377,George Lopez: We'll Do It For Half,Troy Miller
2381,Get Even,
2385,Get Organized with The Home Edit,
2395,Ghost in the Shell: SAC_2045,
2400,Ghost Stories,"Anurag Kashyap, Dibakar Banerjee, Karan Johar, Zoya Akhtar"
2405,Ghosts of War,Eric Bress
2414,GIMS: On the Record,Florent Bodin
2418,Ginny Weds Sunny,Puneet Khanna
2424,Girl's Revenge,Weica Wang
2434,Giving Voice,"James D. Stern, Fernando Villena"
2437,Glitch Techs,
2441,Glow Up,
2445,Go Karts,Owen Trevor
2446,Go! Go! Cory Carson,
2447,Go! Go! Cory Carson: The Chrissy,"Alex Woo, Stanley Moore"
2461,Goedam,Hong Won-ki
2486,"Good Morning, Verônica",
2508,Grace and Frankie,
2509,Graceful Friends,
2512,Grand Army,
2525,Great Pretender,
2534,Greenhouse Academy,
2535,Greenleaf,
2547,Guest House,Sam Macaroni
2548,Guillermo Vilas: Settling the Score,Matías Gueilburt
2549,Guilty,Ruchi Narain
2554,Gunjan Saxena: The Kargil Girl,Sharan Sharma
2593,Handsome Siblings,
2598,Hannah Gadsby: Douglas,Madeleine Parry
2619,Har Kisse Ke Hisse: Kaamyaab,Hardik Mehta
2621,Hard Kill,Matt Eskandari
2640,Harvey Street Kids,
2645,Hasmukh,
2655,Have a Good Trip: Adventures in Psychedelics,Donick Cary
2664,Hazel Brugger: Tropical,
2684,Heidi,
2693,Hello Ninja,
2701,Her Mother's Killer,
2714,"Hi Bye, Mama!",
2731,High Score,
2732,High Seas,
2742,Hillbilly Elegy,Ron Howard
2745,Hip-Hop Evolution,
2747,His House,Remi Weekes
2751,History 101,
2770,Holidate,John Whitesell
2771,Holiday Home Makeover with Mr. Christmas,
2777,Hollywood,
2785,Home for Christmas,
2786,Home Game,
2791,Homemade,
2800,Hoops,
2803,Hope Frozen: A Quest to Live Twice,Pailin Wedel
2809,Horrid Henry's Gross Day Out,Gary Andrews
2812,Horse Girl,Jeff Baena
2813,Hospital Playlist,
2843,How to Fix a Drug Scandal,
2844,How to Get Away with Murder,
2848,How To Ruin Christmas,
2849,How to Sell Drugs Online (Fast),
2855,Hubie Halloween,Steve Brill
2868,Hunter in the Blue Side of Manchester,Rako Prijanto
2879,Hyena,
2886,I AM A KILLER,
2887,I AM A KILLER: RELEASED,
2899,I Am Not Okay With This,
2904,I Am Vengeance: Retaliation,Ross Boyask
2927,I'm Thinking of Ending Things,Charlie Kaufman
2939,If Anything Happens I Love You,"Will McCormack, Michael Govier"
2952,Immigration Nation,
2971,In The Dark,
2989,Indian Matchmaking,
3002,Inhuman Resources,Ziad Doueiri
3033,Into the Night,
3035,Intuition,Alejandro Montiel
3067,Isi & Ossi,Oliver Kienle
3081,It's Okay to Not Be Okay,
3083,Itaewon Class,
3088,Izzy's Koala World,
3090,J-Style Trip,
3101,Jack Whitehall: I'm Only Joking,"Dave Skinner, Freddie Waters"
3102,Jack Whitehall: Travels with My Father,
3111,Jai Mummy Di,Navjot Gulati
3119,Jamtara - Sabka Number Ayega,Soumendra Padhi
3125,Japan Sinks: 2020,
3143,Jeffrey Epstein: Filthy Rich,
3154,Jerry Seinfeld: 23 Hours To Kill,Joe DeMaio
3173,Jim Jefferies: Intolerant,Scott Zabielski
3182,Jingle Jangle: A Christmas Journey,David E. Talbert
3189,Jo Koy: In His Elements,Michael McKay
3204,John Henry,Will Forbes
3211,John Was Trying to Contact Aliens,
3226,JU-ON: Origins,
3238,Julie and the Phantoms,Kenny Ortega
3246,Jurassic World Camp Cretaceous,
3247,Just Another Christmas,Roberto Santucci
3275,Kaali Khuhi,Terrie Samundra
3301,Kannum Kannum Kollaiyadithaal,Desingh Periyasamy
3304,Kappela,Musthafa
3339,Kenny Sebastian: The Most Interesting Person in the Room,Angshuman Ghosh
3347,Kevin Hart: Zero F**ks Given,Leslie Small
3386,Killer Inside: The Mind of Aaron Hernandez,
3395,Kim's Convenience,
3406,Kings of Jo'Burg,
3407,Kipo and the Age of Wonderbeasts,
3414,Kiss the Ground,"Joshua Tickell, Rebecca Harrell Tickell"
3416,Kissing Game,
3439,Kongsuni and Friends,
3441,Korean Pork Belly Rhapsody,
3453,Krishna and His Leela,Ravikanth Perepu
3488,La casa de papel,
3496,La Línea: Shadow of Narco,Pepe Mora
3500,LA Originals,
3502,La Révolution,
3532,Larry the Cable Guy: Remain Seated,Brian Volk-Weiss
3538,Last Chance U,
3544,Last Tango in Halifax,Juliet May
3546,Latte and the Magic Waterstone,"Regina Welker, Nina Wels"
3591,LEGO Ninjago,
3598,Lenox Hill,
3604,Leslie Jones: Time Machine,"David Benioff, D.B. Weiss"
3614,Leyla Everlasting,
3648,Lingua Franca,Isabel Sandoval
3667,Little Singham,
3671,Little Singham: Kaal Ka Badla,Prakash Satam
3673,Little Singham: Legend of Dugabakka,
3681,"Live Twice, Love Once",Maria Ripoll
3697,Locke & Key,
3699,Locked Up,
3710,London Hughes: To Catch a D*ck,Kristian Mercado
3729,Lost Bullet,Guillaume Pierret
3731,Lost Girls,Liz Garbus
3741,Love & Anarchy,
3742,Love 101,
3743,Love Aaj Kal,Imtiaz Ali
3764,Love Like the Falling Rain,Lasja Fauzia Susatyo
3779,Love Wedding Repeat,Dean Craig
3785,"Love, Guaranteed",Mark Steven Johnson
3791,Lovestruck in the City,
3800,Luccas Neto em: Acampamento de Férias 2,Lucas Margutti
3807,Lucifer,
3813,Ludo,Anurag Basu
3817,Luna Nera,
3830,Ma Rainey's Black Bottom,George C. Wolfe
3831,Ma Rainey's Black Bottom: A Legacy Brought to Screen,
3854,Magic for Humans,
3878,Making The Witcher,Nathan Wiley
3879,Making Unorthodox,Marlene Melchior
3884,Malang,Mohit Suri
3888,Malibu Rescue: The Next Wave,Savage Steve Holland
3894,Man Like Mobeen,
3899,Man with a Plan,
3906,Manhunt: Deadly Games,
3908,Maniyarayile Ashokan,Shamzu Zayba
3910,MANK,David Fincher
3926,Maradona in Mexico,
3928,Marc Maron: End Times Fun,Lynn Shelton
3962,Marvel's Agents of S.H.I.E.L.D.,
3975,Masaba Masaba,
3976,Masameer - The Movie,Malik Nejer
3982,Maska,Neeraj Udhwani
3993,Maurício Meirelles: Generating Chaos,Diego Pignataro
4009,MeatEater,
4011,Medical Police,
4033,Men on a Mission,Jung-ah Im
4053,Messiah,
4070,Michael McIntyre: Showman,Chris Howe
4071,Michelle Buteau: Welcome to Buteaupia,Page Hurwitz
4075,Middleditch & Schwartz,Ryan Polito
4076,Midnight at the Magnolia,Maxwell McGuire
4081,Mighty Express,
4082,Mighty Express: A Mighty Christmas,Clint Butler
4083,Mighty Little Bheem,
4085,Mighty Little Bheem: Festival of Colors,
4098,Milea,"Fajar Bustomi, Pidi Baiq"
4103,Million Dollar Beach House,
4131,Mismatched,
4132,Miss Americana,Lana Wilson
4137,Miss India,Narendra Nath
4176,Money Heist: The Phenomenon,"Pablo Lejarreta, Luis Alfaro"
4226,Morphle,
4233,Most Beautiful Thing,
4235,Mosul,Matthew Michael Carnahan
4236,MOTHER,Tatsushi Omori
4243,Move,"Thierry Demaizière, Alban Teurlai"
4252,Mr. Iglesias,
4262,Mrs. Serial Killer,Shirish Kunder
4267,Mucho Mucho Amor: The Legend of Walter Mercado,"Cristina Costantini, Kareem Tabsch"
4291,Murder to Mercy: The Cyntoia Brown Story,
4299,Mutiny of the Worker Bees,Carlos Morett
4322,My Holo Love,
4340,My Next Guest Needs No Introduction With David Letterman,
4342,My Octopus Teacher,"Pippa Ehrlich, James Reed"
4346,My Perfect Landing,
4369,Mystery Lab,
4373,Mystic Pop-up Bar,
4383,Nadiya’s Time to Eat,
4386,Nailed It,
4388,Nailed It! Germany,
4402,Narcos: Mexico,
4414,Nasha Natasha,Martín Sastre
4417,Natalie Palamides: Nate - A One Man Show,Phil Burgers
4449,Never Have I Ever,
4459,Next in Fashion,
4466,Night on Earth,
4467,Night on Earth: Shot in the Dark,
4481,"Nisman: The Prosecutor, the President, and the Spy",Justin Webster
4499,Nobody Knows I'm Here,Gaspar Antillo
4500,Nobody Sleeps in the Woods Tonight,Bartosz M. Kowalski
4507,Norm of the North: Family Vacation,Anthony Bell
4511,Norsemen,
4515,Notes for My Son,Carlos Sorín
4567,October Faction,
4569,Octonauts & the Caves of Sac Actun,Blair Simmons
4570,Octonauts & the Great Barrier Reef,Blair Simmons
4577,Offering to the Storm,Fernando González Molina
4590,Oh Yuck,
4601,Oktoberfest: Beer & Blood,
4611,Omniscient,
4614,On My Block,
4640,One Day We'll Talk About Today,Angga Dwimas Sasongko
4656,One Take,Manatsanun Phanlerdwongsakul
4658,One-Way to Tomorrow,Ozan Açıktan
4666,Operation Christmas Drop,Martin Wood
4705,Outer Banks,
4711,Over Christmas,
4712,Over the Moon,Glen Keane
4716,Ozark,
4724,Paava Kadhaigal,"Sudha Kongara, Vignesh Shivan, Gautham Vasudev Menon, Vetri Maaran"
4750,Pandemic: How to Prevent an Outbreak,
4763,Paradise PD,
4766,Paranormal,
4787,Passion. Panache. Pep,
4793,Patriot Act with Hasan Minhaj,
4797,Patton Oswalt: I Love Everything,Marcus Raboy
4834,Pete Davidson: Alive From New York,Jason Orley
4837,Pets United,Reinhard Klooss
4854,Pieces of a Woman,Kornél Mundruczó
4885,PNL - Dans la légende tour,QLF
4895,Pokémon Journeys: The Series,
4903,Polly Pocket,
4926,Power Players,
4927,Power Rangers Beast Morphers,
4979,Private Lives,
4987,Project Power,"Henry Joost, Ariel Schulman"
4993,Psycho,Mysskin
4997,Puerta 7,
5004,Pup Academy,
5025,QLIMAX THE SOURCE,"Daan Jansen, Stijn Verlinde"
5034,Queen Sono,
5037,Queer Eye,
5048,Raat Akeli Hai,Honey Trehan
5066,Ragnarok,
5102,Ratched,
5120,Reality Z,
5121,Rebecca,Ben Wheatley
5130,Record of Youth,
5144,Regiment Diaries,
5168,Residue,Merawi Gerima
5169,Restaurants on the Edge,
5190,Rhyme Time Town,
5191,Rhyme Time Town Singalongs,
5192,Rhys Nicholson Live at the Athenaeum,Thomas Toby Parkinson
5199,Rich in Love,Bruno Garotti
5203,Ride Like a Girl,Rachel Griffiths
5205,Riding Faith,Paco Aguilar
5216,Rise of Empires: Ottoman,
5220,Rising High,Cüneyt Kaya
5221,Rising Phoenix,
5222,Rita,
5229,ROAD TO ROMA,Andres Clariond
5233,"Rob Schneider: Asian Momma, Mexican Kids",Tyler Spindel
5253,Rogue City,Olivier Marchal
5255,Rogue Warfare: The Hunt,Mike Gunther
5263,Romance Doll,Yuki Tanada
5275,Room 2806: The Accusation,Jalil Lespert
5279,Rooting for Roona,"Pavitra Chalam, Akshay Shankar"
5281,Roped,Shaun Paul Piccinino
5284,Rose Island,Sydney Sibilia
5286,"Roswell, New Mexico",
5294,Rugal,
5301,Run On,
5304,Running Man,
5317,Rust Valley Restorers,
5323,"Sí, Mi Amor",Pedro Flores Maldonado
5356,Sam Jay: 3 In The Morning,Kristian Mercado
5378,SanPa: Sins of the Savior,Cosima Spender
5385,Santana,"Chris Roland, Maradona Dias Dos Santos"
5388,Sarah Cooper: Everything's Fine,Natasha Lyonne
5419,Say I Do,
5431,Schitt's Creek,
5435,Schulz Saves America,Alexx Media
5436,Scissor Seven,He Xiaofeng
5475,Secrets of the Saqqara Tomb,James Tovell
5486,Selena: The Series,
5487,Self Made: Inspired by the Life of Madam C.J. Walker,
5489,Selling Sunset,
5498,Sergio,Greg Barker
5500,Serious Men,Sudhir Mishra
5501,Seriously Single,"Katleho Ramaphakela, Rethabile Ramaphakela"
5508,SETHUM AAYIRAM PON,Anand Ravichandran
5524,Sex Education,
5525,"Sex, Explained",
5546,Shaun the Sheep: Adventures from Mossy Bottom,
5547,Shaun the Sheep: The Farmer’s Llamas,Jay Grace
5549,Shawn Mendes: In Wonder,Grant Singer
5550,Shawn Mendes: Live in Concert,Paul Dugdale
5551,She,
5554,She-Ra and the Princesses of Power,
5565,Shimla Mirchi,Ramesh Sippy
5568,Shine Your Eyes,Matias Mariani
5594,Si Doel the Movie 3,Rano Karno
5603,Signs,
5621,Sing On!,
5622,Sing On! Germany,
5623,Sing On! Spain,
5643,Sitara: Let Girls Dream,Sharmeen Obaid-Chinoy
5644,Six Windows in the Desert,"Ali Kalthami, Meshal Aljaser, Faris Godus, Mohamed al Salman, Faisal al Amer"
5646,Skin Decision: Before and After,
5654,Sky Tour: The Movie,Nguyen Thanh Tung
5665,Sleepless Society: Two Pillows & A Lost Soul,Sivaroj Kongsakul
5680,Sneakerheads,
5685,So Much Love to Give,Marcos Carnevale
5688,Social Distance,
5694,Sol Levante,Akira Saitoh
5703,Somebody Feed Phil,
5705,Someone Has to Die,Manolo Caro
5717,Song Exploder,
5731,Southern Survival,
5733,Space Force,
5746,Spectros,
5749,Spelling the Dream,Sam Rega
5750,Spenser Confidential,Peter Berg
5755,Spinning Out,
5757,Spirit Riding Free: Ride Along Adventure,"Beth Sleven, Allan Jacobsen, Kevin Wotton"
5758,Spirit Riding Free: Riding Academy,
5792,StarBeam,
5793,StarBeam: Halloween Hero,Jon Izen
5799,Start-Up,
5801,Stateless,
5822,Stolen Away,
5830,Straight Up,James Sweeney
5834,Stranger,
5843,Street Food: Latin America,
5867,Suburra: Blood on Rome,
5872,Sugar High,Ariel Boles
5873,Sugar Rush,
5874,Sugar Rush Christmas,
5880,Summertime,
5883,Sunderland 'Til I Die,
5900,Super Monsters: Dia de los Monsters,
5901,Super Monsters: Santa’s Super Monster Helpers,Steve Ball
5902,Super Monsters: The New Class,Steve Ball
5905,Super Wings,
5924,Surviving R. Kelly Part II: The Reckoning,
5938,Sweet Magnolias,
5952,System Crasher,Nora Fingscheidt
5956,Taco Chronicles,
5958,Taj Mahal 1989,
5987,Tarung Sarung,Archie Hekagery
5997,Taylor Tomlinson: Quarter-Life Crisis,Marcus Raboy
6003,Team Kaylie,
6011,Teenage Bounty Hunters,
6047,The 100,
6052,The 2nd,Brian Skiba
6076,The American Barbecue Showdown,
6090,The App That Stole Christmas,Monica Floyd
6101,The Baby-Sitters Club,
6103,The Babysitter: Killer Queen,McG
6114,The Barrier,
6119,The Beast,Ludovico Di Martino
6123,The Beginning of Life 2: Outside,Renata Terra
6129,The Big Flower Fight,
6130,The Big Show Show,
6132,The Binding,Domenico de Feudis
6156,The Book of Sun,Faris Godus
6158,The Boss Baby: Back in Business,
6159,The Boss Baby: Get That Baby!,"Dan Forgione, Pete Jacobs, Matt Whitlock"
6168,The Boys in the Band,Joe Mantello
6169,The Boys in the Band: Something Personal,
6181,The Bridge Curse,Lester Hsi
6188,The Business of Drugs,
6193,The Cabin with Bert Kreischer,
6195,The Call,Lee Chung-hyun
6211,The Chef Show,
6219,The Christmas Chronicles: Part Two,Chris Columbus
6222,The Circle,
6223,The Circle Brazil,
6224,The Circle France,
6226,The Claudia Kishi Club,Sue Ding
6248,The Creative Indians,
6251,The Crimes That Bind,Sebastián Schindel
6254,The Crown,
6275,The Day of the Lord,Santiago Alvarado Ilarri
6282,The Debt Collector 2,Jesse V. Johnson
6283,The Decline,Patrice Laliberté
6291,The Devil All The Time,Antonio Campos
6296,The Devil Punisher,"Chang Chin-jung, Chen Rong-hui"
6317,The Duchess,
6322,The Eddy,"Damien Chazelle, Houda Benyamina, Laïla Marrakchi, Alan Poul"
6334,The English Game,
6336,The Epic Tales of Captain Underpants in Space,
6339,The Expanding Universe of Ashley Garcia,
6369,The Forest of Love: Deep Cut,Sion Sono
6371,The Forty-Year-Old Version,Radha Blank
6390,The Ghost Bride,Quek Shio-chuan
6393,The Gift,
6403,The Good Detective,
6405,The Good Place,
6407,The goop lab with Gwyneth Paltrow,
6415,The Great British Baking Show,Andy Devonshire
6416,The Great British Baking Show: Holidays,
6421,The Great Heist,
6431,The Half Of It,Alice Wu
6436,The Hater,Jan Komasa
6439,The Haunting of Bly Manor,
6443,The Healing Powers of Dude,
6444,The Heartbreak Club,"Charles Gozali, Bagus Bramanti"
6455,The Holiday Movies That Made Us,
6456,The Hollow,
6462,The Hook Up Plan,
6464,The House of Flowers,
6478,The Iliza Shlesinger Sketch Show,
6482,The InBESTigators,
6493,The Innocence Files,
6531,The King: Eternal Monarch,
6536,The Kissing Booth 2,Vince Marcello
6549,The Larva Island Movie,Ahn Byoung-wook
6554,The Last Dance,
6555,The Last Days of American Crime,Olivier Megaton
6561,The Last Kids on Earth,
6562,The Last Kingdom,
6571,The Last Thing He Wanted,Dee Rees
6573,The Last Word,
6577,The Least Expected Day: Inside the Movistar Team 2019,"José Larraza, Marc Pons"
6588,The Letter for the King,
6592,The Liberator,
6594,The Life Ahead,Edoardo Ponti
6595,The Lift Boy,Jonathan Augustin
6619,The Lost Husband,Vicky Wight
6623,The Lovebirds,Michael Showalter
6631,The Magic School Bus Rides Again In the Zone,Richard Weston
6632,The Magic School Bus Rides Again Kids In Space,Richard Weston
6633,The Magic School Bus Rides Again The Frizz Connection,Richard Weston
6634,The Magicians,
6635,The Main Event,Jay Karas
6647,The Match,Francesco Carnesecchi
6659,The Mess You Leave Behind,
6664,The Midnight Gospel,
6665,The Midnight Sky,George Clooney
6672,The Minions of Midas,Mateo Gil
6702,The Netflix Afterparty: The Best Shows of The Worst Year,
6703,The New Legends of Monkey,
6708,The Night Clerk,Michael Cristofer
6717,The Occupant,"Àlex Pastor, David Pastor"
6719,The Old Guard,Gina Prince-Bythewood
6725,The Order,
6734,The Outpost,Rod Lurie
6740,The Paramedic,Carles Torras
6754,The Pharmacist,"Julia Willoughby Nason, Jenner Furst"
6765,The Platform,
6766,The Playbook,
6768,The Players,Stefano Mordini
6770,The Politician,
6781,The Princess Switch: Switched Again,Mike Rohl
6785,The Prom,Ryan Murphy
6788,The Protector,
6794,The Queen and the Conqueror,
6796,The Queen's Gambit,
6798,The Rain,
6801,The Ranch,
6824,The Ripper,"Ellena Wood, Jesse Vile"
6834,The Rope Curse 2,Liao Shih-han
6849,The School Nurse Files,
6853,The Search,
6873,The Silent War,Alfonso Cortés-Cavanillas
6879,The Sleepover,Trish Sie
6883,The Social Dilemma,Jeff Orlowski
6891,The Speed Cubers,Sue Kim
6901,The Stand at Paxton County,Brett Hedlund
6908,THE STRANGER,
6916,The Surgeon's Cut,
6927,The Three Deaths of Marisela Escobedo,Carlos Pérez Osorio
6940,The Trial of the Chicago 7,Aaron Sorkin
6941,The Trials of Gabriel Fernandez,
6958,The Umbrella Academy,
6960,The Uncanny Counter,
6961,The Underclass,Pass Patthanakumjon
6970,The Unremarkable Juanquini,
6973,The Valhalla Murders,
6975,The Vanished,Peter Facinelli
6979,The Victims' Game,"David Chuang, Chen Kuan-chung"
7000,The Willoughbys,Kris Pearn
7001,The Windsors,
7007,The Witcher: A Look Inside the Episodes,
7013,The Woods,
7020,The Worst Witch,
7024,The Wrong Missy,Tyler Spindel
7044,Thiago Ventura: POKAS,"Fabio Ock, Joana Mazzucchelli"
7053,Thomas & Friends: Marvelous Machinery: A New Arrival,Joey So
7054,Thomas & Friends: Marvelous Machinery: World of Tomorrow,Joey So
7055,Thomas & Friends: Thomas and the Royal Engine,Joey So
7056,Thomas and Friends,Greg Tiernan
7083,"Tiger King: Murder, Mayhem and Madness","Eric Goode, Rebecca Chaiklin"
7084,Tigertail,Alan Yang
7096,Time to Hunt,Yoon Sung-hyun
7105,Tiny Creatures,
7107,Tiny Pretty Things,
7112,To All the Boys: P.S. I Still Love You,Michael Fimognari
7118,To the Lake,Pavel Kostomarov
7136,Tom Papa: You're Doing Great!,Gregory Jacobs
7137,Tom Segura: Ball Hog,Rami Hachache
7145,Tony Parker: The Final Shot,Florent Bodin
7148,Too Hot to Handle,
7157,Torbaaz,Girish Malik
7177,Trailer Park Boys: The Animated Series,"Norm Hiscock, Gary Howsam, Mike Smith, John Paul Tremblay, Robb Wells"
7190,Transformers Rescue Bots Academy,
7191,Transformers: Cyberverse,
7194,Transformers: War For Cybertron Trilogy,
7195,Transformers: War for Cybertron: Earthrise,
7198,Trash Truck,
7213,Tremors: Shrieker Island,Don Michael Paul
7218,Trial 4,
7219,Trial By Media,
7224,Trinkets,
7246,True: Friendship Day,"Mark Thornton, Todd Kauffman"
7250,True: Rainbow Rescue,
7251,True: Terrific Tales,
7255,True: Wuzzle Wegg Day,"Todd Kauffman, Mark Thornton"
7264,Tumi or not Tumi,Mfanelo Ngoma
7279,Twin Murders: the Silence of the White City,Daniel Calparsoro
7290,Twogether,
7295,U-Turn,Derick Cabrido
7300,Ugly Delicious,
7307,Ultras,Francesco Lettieri
7309,Uma Maheswara Ugra Roopasya,Venkatesh Maha
7316,Unauthorized Living,
7319,Unbreakable Kimmy Schmidt: Kimmy vs. the Reverend,Claire Scanlon
7326,Uncorked,Prentice Penny
7335,Under the Riccione Sun,Younuts!
7338,Undercover,
7352,Unknown Origins,David Galán Galindo
7353,Unlucky Ploy,Nopparoj Chotmunkongsit
7355,Unorthodox,
7361,Unsolved Mysteries,
7363,Unstoppable,
7365,Until Dawn,
7370,Uppity: The Willy T. Ribbs Story,"Nate Adams, Adam Carolla"
7374,Urzila Carlson: Overqualified Loser,Hayden Guppy
7384,Valentino,
7385,Valeria,Inma Torrente
7388,Vampires,
7389,Vampires vs. the Bronx,Oz Rodriguez
7393,Varane Avashyamund,Anoop Sathyan
7403,Velvet Colección: Grand Finale,Gustavo Ron
7420,Villain,Philip Barantini
7427,Vir Das: For India,"Vir Das, Ajay Bhuyan"
7429,Vir Das: Outside In - The Lockdown Special,Vir Das
7431,Virgin River,
7442,Voices of Fire,
7484,Warrior Nun,
7486,Was It Love?,
7487,Wasp Network,Olivier Assayas
7488,Wassup Man GO!,
7498,We Are One,Stéphane de Freitas
7499,We Are the Champions,
7505,We Can Be Heroes,Robert Rodriguez
7509,We Summon the Darkness,Marc Meyers
7529,Welcome to Sudden Death,Dallas Jackson
7533,Well-Intended Love,
7534,Wentworth,
7547,What Are the Odds?,Megha Ramaswamy
7549,WHAT DID JACK DO?,David Lynch
7566,What the Love! with Karan Johar,
7568,What We Wanted,Ulrike Kofler
7576,Wheels of Fortune,Shaun Paul Piccinino
7591,Whipped,Chandra Liow
7600,White Lines,
7606,Who Killed Malcolm X?,
7612,"Whose Vote Counts, Explained",
7630,Win the Wilderness,
7643,Wish Upon a Unicorn,Steve Bencich
7650,Wizards: Tales of Arcadia,
7660,Word Party,
7661,Word Party Songs,
7662,Work It,Laura Terruso
7663,Workin' Moms,
7665,World Famous Lover,Kranthi Madhav
7670,World's Most Wanted,
7692,Ya no estoy aquí: Una conversación entre Guillermo del Toro y Alfonso Cuarón,
7701,Yeh Ballet,Sooni Taraporevala
7710,"Yes, God, Yes",Karen Maine
7720,YooHoo to the Rescue,
7722,You Are My Home,Amanda Raymond
7725,You Cannot Hide,
7734,You've Got This,Salvador Espinosa
7738,Young Wallander,
7741,Your Name Engraved Herein,Liu Kuang-hui
7744,"Yours Sincerely, Kanan Gill",Neville Shah
